accuracy,auc,task
0.43636363636363634,0.49462365591397844,binary_norm_as_normal
