accuracy,task,num_classes,auc
0.9818181818181818,binary,2,0.6851851851851852
